file	bytes	sha256
docs/consegne/GH-109-la-tessera-in-cima-alla-home-esito.md	17898	registro
docs/consegne/evidenze/GH-109/banco-375.png	8941	42ae15b49b086a683162f0becb10f463722e334500088acdb8bed8fed6635f56
docs/consegne/evidenze/GH-109/banco-demo-vivo.png	12726	2b50f60381c3d5c3da3976d8b5318b4c929ac28d243bbc5aa24144aba7ea1d1c
docs/consegne/evidenze/GH-109/browser-decline.json	291	07d73020cfa71857a94dd5e94486a7e16421f42c427235e1ed35a445685687be
docs/consegne/evidenze/GH-109/browser-multi.json	203	614e20a5f83fff8be658505ffaac48ee180bc6037097479089a4c9c4e5542630
docs/consegne/evidenze/GH-109/browser-none.json	2280	7c3ae0d5a8d352ec321e7db87b024663d6b873ebd6ad1f8b41d05e8209b01847
docs/consegne/evidenze/GH-109/browser-portrait-visual.json	2582	0b475da3d3ee0a621b5d4236552fd999d7cb51ad508e40d157d9035917e7160c
docs/consegne/evidenze/GH-109/browser-portrait.json	2560	a84fbcfbf4ad4ffcf2f7f10e61c1b848e1eaab263267a61d08190c9757fc46f4
docs/consegne/evidenze/GH-109/browser-proposal-visual.json	2582	0f937ccb28403e50a48f15e74ddef17f8b81b9f4a520562e9ad29793774d9864
docs/consegne/evidenze/GH-109/browser-proposal.json	2646	d1514ead72f9edec983a6fb26828345e0bf7c3eb66c95a0219e5f1af83d4435a
docs/consegne/evidenze/GH-109/browser-rejected.json	286	8e10a37080331ec6fb6b29110379890fe167406ed309d33c58561a9d41a6f794
docs/consegne/evidenze/GH-109/browser-three-visual.json	302	b2d3dd493e889e7b6249143b63ac0cefac83e6044d5cdc252de2b65b0737bdd2
docs/consegne/evidenze/GH-109/browser-three.json	280	d330d7a914b7c852c244cffff688370613ce2be48947174adada033ed8695c4b
docs/consegne/evidenze/GH-109/browser-two-visual.json	300	8d99fea7bdb04ed39ca4403f6b688a8382ab22e37ae99df74ab4806ae4a8817e
docs/consegne/evidenze/GH-109/browser-two.json	278	4e0050500531b1b511d8c35087dacc0bc9e620e96145a2ca3aedd4bc4ff82532
docs/consegne/evidenze/GH-109/browser-withdrawn.json	289	ced471d26fca7c7a67c91d88988c977d21d3739473b912f14443c8866713fd49
docs/consegne/evidenze/GH-109/browser.mjs	9512	73864679d1db4dd97cd22f431ca5d1c8f7147d4707a300b658a6b8b5fd56b66d
docs/consegne/evidenze/GH-109/cd11-none-320x568.png	78751	8d61b51b0002e79b2c2d7dfbbd327b47e72485326733c20d97499192be117ddf
docs/consegne/evidenze/GH-109/cd11-none-375x667.png	91331	328da0f5615328923ffe05cbff180efeaaae04e8681e224b5ec68e2d59ca8a0e
docs/consegne/evidenze/GH-109/cd11-none-375x812.png	106349	365034097ad2465d9e11403606756759d0f48ef030ec48520851af5619de18f9
docs/consegne/evidenze/GH-109/cd11-portrait-320x568.png	79631	6cc862faaa66a8b603cc7b0b811b3e83ae37d74c0573afeebd4761986c010dd6
docs/consegne/evidenze/GH-109/cd11-portrait-375x667.png	92757	43f701c405248aba8940dcfcd0d25c44efb7b103c66c4770433134ec99f08209
docs/consegne/evidenze/GH-109/cd11-portrait-375x812.png	106379	7d6dce4bb7daf853d2987f21ae2f25d508aecb59986e02772fe8516dd901a2ac
docs/consegne/evidenze/GH-109/cd11-proposal-320x568.png	81993	529dbdb0b20bf752ed58bd00384a53c80b4d78238874091c7a9f4605618d7371
docs/consegne/evidenze/GH-109/cd11-proposal-375x667.png	93444	d44fee5e7ec444a54964ab16286b283cf04e25fd094f3a2e35e04aec9b95a545
docs/consegne/evidenze/GH-109/cd11-proposal-375x812.png	106809	1109e3d0036c6dd436bfa980ad5d2f2e528864a0164762cfd066a7048c94de0b
docs/consegne/evidenze/GH-109/cleanup-primo-invio.sql	152	fe48bbd38ec1718aa54a01ff088d89d94e0739f8333c9b63da99a499d7bfec43
docs/consegne/evidenze/GH-109/cleanup.sql	923	f6628c2eedc150501b43631bf06a6287b21be4b320f632952e46556ba426eea0
docs/consegne/evidenze/GH-109/confronta-impronte.mjs	1647	61cdb8dcc4c079f4de0ddaaacceeb222cb1df9240fa19f93e00268cbd8398afa
docs/consegne/evidenze/GH-109/confronto-1365-foto.png	90984	391eb4f809f6186f7a70f0e645581ee8cb0d9a87bd22f279894e7adae06540e3
docs/consegne/evidenze/GH-109/confronto-1365-senza-foto.png	79708	fa8df91bcaa5e4f8ee9f817c5ea0f65ade3fd0b611b5552115034a0f6cb2847c
docs/consegne/evidenze/GH-109/confronto-320-foto.png	85800	bedbf9fc930ae35528c2ae663a4996cb15171be7b8211b7e4a46ae368dd86eca
docs/consegne/evidenze/GH-109/confronto-320-senza-foto.png	78134	663a07683a1ca8b18e2d8339e9c1400f052b721d9247f82e6cd0d552f89bda04
docs/consegne/evidenze/GH-109/confronto-375-foto.png	98447	2b91856120233e95bca3690e3424dd75eed82ca1667411dc9dfab77c7144bf52
docs/consegne/evidenze/GH-109/confronto-375-senza-foto.png	88182	6613eb0407b1d68fed3de130ca85242660ea122bd9d5247699565ead8985ca53
docs/consegne/evidenze/GH-109/confronto-impronte.json	3018	d9b7b0318c55e503c9abda5a6ba8e5c86f8542a52ba2717012d78d7c44a39740
docs/consegne/evidenze/GH-109/confronto-visivo.mjs	1628	7ffc63b70a3e73dc6a4d89417d23f29e509522f81e61c1fed0adad5652dbc849
docs/consegne/evidenze/GH-109/decline-foglio.png	62284	f04f3c2e98608291eaf2df937237818a55bf6e4a4124c1a905ac1f60e805f308
docs/consegne/evidenze/GH-109/due.sql	664	e79d2d57a7abadcb2398155e5b51018bc38362b5d77c2440228cd829c8737f66
docs/consegne/evidenze/GH-109/fixture.sql	731	78209ca521fd558bac77e8bb73201d9b9bc0865ea494524e8ee633e3a7b67ffb
docs/consegne/evidenze/GH-109/gh107-live-cleanup.sql	1228	70a5d7549dabfb779ee27b89775fefcfa38d34b22cbce20d94736be7fd340949
docs/consegne/evidenze/GH-109/gh107-live-fixture.sql	1150	02f291db2553751901544ee01923da0c1b00b86bec0a0872344b20603e21b2dd
docs/consegne/evidenze/GH-109/gh107-rotte-vive.mjs	5814	9d55b696cce3cd80a3d4cf3f0727faf5d327c4893319bed38c28a689d033348d
docs/consegne/evidenze/GH-109/gh108-letture-locali.json	2280	06218a7071edee39b10556bc7920f0cc77353f9d339679e775e821a4ceb6f3ca
docs/consegne/evidenze/GH-109/gh108-letture-locali.mjs	2810	0ac7605aa0c4025e8e79e3b42f32fc4509c5f5e889eebda47de84cf49d16245e
docs/consegne/evidenze/GH-109/gh108-regola.json	938	925f60a94a5f05f7dc5c3fd133316e4b154c7c943d179642c09fd5a3c9fec87b
docs/consegne/evidenze/GH-109/gh108-regola.mjs	3955	f9997fb0eecd3eeef3f904ff554920addfd564df9b25cdf81aefdef8e23f3eff
docs/consegne/evidenze/GH-109/gh108-verifica.json	10279	18255b5dd03dd7f62be9354ab13309607b5605955d5f5ca0620f8cee719042bd
docs/consegne/evidenze/GH-109/gh108-verifica.mjs	12368	e12c5b82c374ebc630184083fd5d458349e71be05ac84f51fb1da6f42cb2597b
docs/consegne/evidenze/GH-109/impronte-demo.json	34175	42d4aef5ce42f05ea3e6b0c890aa2ffb972269edd380ae1c22e311e107e1e9f4
docs/consegne/evidenze/GH-109/letture-richieste.json	2416	23958c426e505bf158bcfca29e03f98177f468ba8e127c7d5b753586fa18615a
docs/consegne/evidenze/GH-109/letture-richieste.mjs	2036	374239a8ca5d28dc97c413b01b3abb8bd6a83c6691d646d4012de062ebafe4a1
docs/consegne/evidenze/GH-109/multi.png	70089	4dd22a14b795b726ee742de7634975bca8ab92c686578ba76c50acf986f8633e
docs/consegne/evidenze/GH-109/multi.sql	442	cf2afafdcc436be662559a252c3186fe292e3bb475814065f4f9a4f2f69ca16f
docs/consegne/evidenze/GH-109/none-320x568.png	43399	5af98972568cb21abd53706d2d7c4cad4be505fadd47c70e6b88dfa3efb7ffba
docs/consegne/evidenze/GH-109/none-375x667.png	49551	c3aa8c61e0453fee1770e072ef1f854d31700a5ad30214e98cd9cf7438a7efc3
docs/consegne/evidenze/GH-109/none-375x812.png	57851	e76bb25780b19d36deb2df3373d7387eccadbb64fcb44064fdb92436277cfb1f
docs/consegne/evidenze/GH-109/nuovo-giro.sql	458	71b4558eca858ec3b07941ecb78efdb5f21078bc135ed5aa772cb3bf838500a4
docs/consegne/evidenze/GH-109/portrait-320x568.png	40429	457840d1c6d092f0a134d69486a40ff1986082a66431c1ee65ab2ea2368d4a9c
docs/consegne/evidenze/GH-109/portrait-375x667.png	49814	c148d5c60367f5cbcbd6cb68e0144891d28b41b4cdabbf02bc5fc0b3aa9b38e9
docs/consegne/evidenze/GH-109/portrait-375x812.png	57214	3e05932ca4a0cb8fe888718bf33a8d9211cf8da479b5da91184698f277b72a51
docs/consegne/evidenze/GH-109/portrait-foglio.png	59231	fccf7101a2e42a93bd4dc564b372b315fe2ae2d1d30e7fbc363ddc7c21d0058a
docs/consegne/evidenze/GH-109/preview.jsx	900	bdfff7ba4b88f2475e793774f654612836b929b53b81397a05eb9ae6cae38d12
docs/consegne/evidenze/GH-109/preview.mjs	1576	a2dd6e346428c6b0c5bb907ca4db937bdcc13d2a2d402747c31d484acff1b1ae
docs/consegne/evidenze/GH-109/proposal-320x568.png	43686	4018ae33a4e62673719e6b78054f1ba4b8daf78ab9387c6abee9845e5255bd26
docs/consegne/evidenze/GH-109/proposal-375x667.png	50869	c6197557b7e35c3cd87ee587fa560062fc9b981899be74900fd34bf5109798fc
docs/consegne/evidenze/GH-109/proposal-375x812.png	59509	79c59cec953d6f0bdd62a4fcb958213e3620a84e933054c852a094976ac86590
docs/consegne/evidenze/GH-109/proposal-foglio.png	62144	566b37fccf4305b9a3843957ceb3ac37798c5f1a58408850c6e6b17fbbcf4d0c
docs/consegne/evidenze/GH-109/proposta-lista.sql	672	9b072a6b0e45d94d6dc651d63186c1a4e7c80bd35e369e35ec396a0445ed82ff
docs/consegne/evidenze/GH-109/proposta.sql	612	693e43b66b63fefdd2e34bc914bfbcdaa31f4ef677e1ab8c29f68e427b8503d5
docs/consegne/evidenze/GH-109/qr-banco.png	1718	8d232915db8797f556ac14cf1d87c9b26501955896e4767f8d29004f9a51ed1d
docs/consegne/evidenze/GH-109/qr-cartoncino.png	21375	8f82579b1b682574ea8d3068d49c87d248c2a094163346352fcf7d5be9516e41
docs/consegne/evidenze/GH-109/qr-customer.png	4864	d775ae7093903257223f2693dcafb0b9d03c81258ece45aaa696662050fa84c1
docs/consegne/evidenze/GH-109/regressione-browser.json	5760	1e89d98657c6c19d9936abd7a4985405de6b07ee036a5c9eeba96daec1cebf2f
docs/consegne/evidenze/GH-109/regressione-browser.mjs	5783	6a0dd6577ed76905deaded4f2b7634a469f3582016a7724b6a570cf976c64c37
docs/consegne/evidenze/GH-109/regressione-interazioni.json	520	ea643635565cb389623480ea1f3911a1a669cd7368d4388e0534324dd2cca3b7
docs/consegne/evidenze/GH-109/regressione-interazioni.mjs	3875	50b98860e93e550a451fe3ce66b5a13cc61338006919d3c505392ea773ccf2ea
docs/consegne/evidenze/GH-109/rejected-foglio.png	56991	76dec9f668a73eb1d9931da769e64afb69639994fa6b821f5de08b40e540aa6f
docs/consegne/evidenze/GH-109/rifiuto.sql	358	cc2d1eddf027b39f233031f65bbdcd618f26b44d7f33979f84cec1e9a2af2cdd
docs/consegne/evidenze/GH-109/ripristino-finale-verifica.json	230	03de649695891af8ad1e5979e53dbff319acb48c659227057f971ecbbb44b51f
docs/consegne/evidenze/GH-109/ripristino-finale.json	1960	3619900a3305e28e2a1443395fbb9139476e8af021e6d86ede23b681dca086e4
docs/consegne/evidenze/GH-109/ritratto.sql	247	e1da458deeb986d45300cbbcbddea96fef76fe85b56a9977ffa73e972e2e59da
docs/consegne/evidenze/GH-109/rls-audit-cleanup.sql	435	76b75e38010ccdc12354ed5178123bf3f64d675ec3d246625885c6169fc21ddd
docs/consegne/evidenze/GH-109/rls-baseline.json	1960	3619900a3305e28e2a1443395fbb9139476e8af021e6d86ede23b681dca086e4
docs/consegne/evidenze/GH-109/rls-ripristino.json	1960	3619900a3305e28e2a1443395fbb9139476e8af021e6d86ede23b681dca086e4
docs/consegne/evidenze/GH-109/rls-suite.json	9094	a728f73d446eb5aa459a9f6b257de9e312636623d70871db652656fef7600849
docs/consegne/evidenze/GH-109/rls.mjs	735	04e475fb6bb34f93a23932a3369970a99ab2096e31916d20476286f416683268
docs/consegne/evidenze/GH-109/rotte-vive.json	1256	3dc68234adaaf67b6f49c52d6d546ddc829dbb986f546c28a78001391b087b1f
docs/consegne/evidenze/GH-109/selettore.json	522	6c4f40671d4950f50f3ce37cbdb14aace1ab93e0dbed75a0859c1bfd60c6c384
docs/consegne/evidenze/GH-109/selettore.mjs	2611	366ca01e60dd8ba377b894fddf78cd75f351fb47540abd881f4279e46592e33c
docs/consegne/evidenze/GH-109/tessera-1365.png	44247	f823a8ec652dc31f76d1a296070b64f3af1848a4f52bdcfbc51145b01ab73065
docs/consegne/evidenze/GH-109/tessera-320.png	38678	57e3631a8640eddf243ff122fbad452c4fbbc21a105c85cdffe18e2c8a7062f7
docs/consegne/evidenze/GH-109/tessera-375.png	38231	b9b980f804141cada28889c317e1fd1628f747def7cb0c19a99be54059451eee
docs/consegne/evidenze/GH-109/three-foglio.png	61193	6045b7a6aed2e8e2a020bc3d50bc734e828e9dc65a87236367598b502d9e29e6
docs/consegne/evidenze/GH-109/two-foglio.png	60391	92439080999d4b1ed0e57754e6a418f413ebb1eaa1d30d1ebe53283e780b95c2
src/apps/customer/components/PendingRequest.jsx	13496	80cd49c49b1eb2e64ddda6c225f15163756c222590bd04f8096c6befa8cdce73
src/apps/customer/components/PetCardHome.jsx	732	2d05fcc9080ff1df9cf957ba72d590a8ae6c96666ebb7de83d52d73c68885c3a
src/apps/customer/components/PetCardRequests.jsx	3468	7356be0fc808d9a6dbf1b176ed62172f4c614f68a3a0736bc7f756ae4bd72f21
src/apps/customer/components/pet-card.css	8692	46a644220fff7c9006cd9c708a7bfdc94d76a839a0100b0da47a3b77bdf004e2
src/apps/customer/hooks/useAppointmentRequests.js	2382	f2f44e0482ad2e80c1c8519f570ea4e6498ed9b95b66b2e3d70e8b273a45aae6
src/apps/customer/lib/customerActions.js	1043	c6a6a156faeeb874e63145a655532d534e85507b751a5a2cdef7466d8393cd47
src/apps/customer/pages/Home.jsx	20255	ec2adac71515a34cafdbff8f9856494d897096327c47d25308732724c75ecb38
src/apps/customer/pages/PetCard.jsx	5724	5c81248d7813241dca959127b7d86d3c3adba06faae44ce112c8ff7abe54894f
docs/consegne/evidenze/GH-109/file-consegna.tsv	indice	non-auto-improntato
